section,op,elapsed_s,rc,class,requests,in_flight_max,note
ops,cat go.mod (read),0.110,0,ok,5,1,"module fixture.local/tree  go 1.22"
ops,ls -l (list+stat),0.109,0,ok,5,1,"total 12 -rw-rw-r-- 1 kara kara   16 Sep 26 19:20 CHANGELOG.md -rw-rw-r-- 1 kara kara   69 Sep 26 19"
ops,ls src (120 entries),0.110,0,ok,5,1,"f000.txt f001.txt f002.txt f003.txt f004.txt f005.txt f006.txt f007.txt f008.txt f009.txt f010.txt f"
ops,stat go.mod,0.110,0,ok,5,1,"/tmp/bfs016/mnt-snap/go.mod size=35"
ops,mkdir newdir,0.110,0,ok,5,1,""
ops,write file (printf>),0.111,0,ok,12,1,""
ops,read it back,0.114,0,ok,12,1,"hello from bunker-fs"
ops,mv (rename),0.110,0,ok,12,1,""
ops,ls newdir (after rename),0.112,0,ok,12,1,"renamed.txt"
ops,append (>>),0.110,1,error(rc=1),12,1,"sh: 1: printf: printf: I/O error"
ops,read appended,0.110,0,ok,12,1,"hello from bunker-fs"
ops,rm (unlink),0.111,0,ok,19,1,""
ops,rmdir,0.115,0,ok,19,1,""
tree-read,snapshot-op ls -lR,0.013,0,ok,19,1,one snapshot call + in-process readdirplus
tree-read,propfind-walk ls -lR c=25,0.042,0,ok,4,1,one PROPFIND per directory, dispatched concurrently
tree-read,propfind-walk ls -lR c=1,0.051,0,ok,4,1,same request count, serial
git,rev-parse HEAD,0.116,0,ok,5,1,"e140eddb6c6538076ccaba9d9d7c85c762567c14"
git,log -1,0.119,0,ok,5,1,"e140edd"
git,log --oneline -20,0.116,0,ok,5,1,"e140edd fixture: third commit f3aa6f0 fixture: second commit (so rebase HEAD~1 is real) fc4a67e fixt"
git,ls-files (count),0.113,0,ok,5,1,"CHANGELOG.md README.md go.mod pkg/deep/a/b/c/n0.txt pkg/deep/a/b/c/n1.txt pkg/deep/a/b/c/n2.txt src/"
git,diff --stat HEAD,0.916,0,ok,103,1,""
git,status --short,0.216,0,ok,389,2,""
git,status --porcelain -uno,0.214,0,ok,389,2,""
git,checkout -b scratch,0.113,128,error(rc=128),389,2,"fatal: Unable to create '/tmp/bfs016/mnt-snap/.git/index.lock': File exists.  Another git process se"
git,add one file,0.115,128,error(rc=128),389,2,"fatal: Unable to create '/tmp/bfs016/mnt-snap/.git/index.lock': File exists.  Another git process se"
git,commit,0.112,128,error(rc=128),389,2,"fatal: Unable to create '/tmp/bfs016/mnt-snap/.git/index.lock': File exists.  Another git process se"
git,commit --amend,0.110,128,error(rc=128),567,2,"fatal: Unable to create '/tmp/bfs016/mnt-snap/.git/index.lock': File exists.  Another git process se"
git,rebase HEAD~1,1.317,0,ok,661,2,"error: Unable to create '/tmp/bfs016/mnt-snap/.git/packed-refs.lock': File exists.  Another git proc"
git,symbolic-ref / branch,0.114,0,ok,661,2,"main"
bound,read 40 files (bound exceeded),0.211,0,ok,5,1,"read-40-ok"
kill,stat . (endpoint up),0.122,0,ok,5,1,"/tmp/bfs016/mnt-snap"
kill,stat . (endpoint DOWN),0.111,0,ok,5,1,"/tmp/bfs016/mnt-snap"
kill,cat go.mod (endpoint DOWN),0.110,0,ok,5,1,"module fixture.local/tree  go 1.22"
kill,ls (endpoint DOWN),0.111,0,ok,5,1,"CHANGELOG.md README.md go.mod pkg scratch src"
kill,write (endpoint DOWN),0.110,2,error(rc=2),5,1,"sh: 1: cannot create /tmp/bfs016/mnt-snap/killed.txt: Transport endpoint is not connected"
