epoch_ms,du_total,du_blobs,du_index,file_blobs_bytes,file_index_bytes,used_bytes,blobs_bytes,index_bytes,entries,evictions_total,bypass_events,oversize_bypasses,hits,misses
1790473587299,1261,0,0,0,0,26,0,26,0,0,0,0,0,0
1790473587857,5245159,5242915,983,5242915,983,26,0,26,0,0,0,0,0,0
1790473588416,10488964,10485795,1793,10485795,1793,8390112,8388643,1469,9,0,0,0,0,0
1790473588976,15732654,15728675,2603,15728675,2603,8390112,8388643,1469,9,0,0,0,0,0
1790473589536,22025086,22020131,3575,22020131,3575,18877492,18874403,3089,19,0,0,0,0,0
1790473590097,27268776,27263011,4385,27263011,4385,18877492,18874403,3089,19,0,0,0,0,0
1790473590657,32512581,32505891,5195,33554467,5357,29364872,29360163,4709,29,0,0,0,0,0
1790473591221,38805009,38797347,6167,38797347,6167,29364872,29360163,4709,29,0,0,0,0,0
1790473591784,44048700,44040227,6977,44040227,6977,38803514,38797347,6167,38,0,0,0,0,0
1790473592348,50341127,50331683,7949,50331683,7949,49290894,49283107,7787,48,0,0,0,0,0
1790473592917,55584817,55574563,8759,55574563,8759,49290894,49283107,7787,48,0,0,0,0,0
1790473593482,60828508,60817443,9569,60817443,9569,58729536,58720291,9245,57,0,0,0,0,0
1790473594041,67120936,67108899,10541,67108899,10541,58729536,58720291,9245,57,0,0,0,0,0
1790473594601,72364627,72351779,11351,72351779,11351,69216916,69206051,10865,67,0,0,0,0,0
1790473595162,77608317,77594659,12161,78643235,12323,69216916,69206051,10865,67,0,0,0,0,0
1790473595727,82852007,82837539,12971,82837539,12971,78655558,78643235,12323,76,0,0,0,0,0
1790473596288,88095697,88080419,13781,88080419,13781,88094200,88080419,13781,85,0,0,0,0,0
1790473596846,94388125,94371875,14753,94371875,14753,88094200,88080419,13781,85,0,0,0,0,0
1790473597409,99631816,99614755,15563,99614755,15563,97532842,97517603,15239,94,0,0,0,0,0
1790473597979,104875506,104857635,16373,104857635,16373,97532842,97517603,15239,94,0,0,0,0,0
1790473598536,111167938,111149091,17345,111149091,17345,108020222,108003363,16859,104,0,0,0,0,0
1790473599096,116411628,116391971,18155,116391971,18155,108020222,108003363,16859,104,0,0,0,0,0
1790473599667,122703893,122683427,19127,122683427,19127,118507602,118489123,18479,114,0,0,0,0,0
1790473600230,127947745,127926307,19937,127926307,19937,118507602,127926307,19937,123,0,0,0,0,0
1790473600794,133191436,133169187,20747,133169187,20747,127946244,127926307,19937,123,0,0,0,0,0
1790473601360,138435126,138412067,21557,138412067,21557,137384886,137363491,21395,132,0,0,0,0,0
1790473601920,141581340,141557795,22043,141557795,22043,137384886,137363491,21395,132,0,0,0,0,0
1790473602483,147873768,147849251,23015,147849251,23015,144726052,144703523,22529,139,0,0,0,0,0
1790473603052,153117458,153092131,23825,153092131,23825,144726052,144703523,22529,139,0,0,0,0,0
1790473603618,158361148,158335011,24635,158335011,24635,155213432,155189283,24149,149,0,0,0,0,0
1790473604190,164653576,164626467,25607,164626467,25607,155213432,155189283,24149,149,0,0,0,0,0
1790473604754,169897266,169869347,26417,169869347,26417,164652074,164626467,25607,158,0,0,0,0,0
1790473605310,176189694,176160803,27389,176160803,27389,175139454,175112227,27227,168,0,0,0,0,0
1790473605870,181433384,181403683,28199,181403683,28199,175139454,175112227,27227,168,0,0,0,0,0
1790473606425,186677073,186646563,29009,186646563,29009,185626834,185597987,28847,178,0,0,0,0,0
1790473606980,192969501,192938019,29981,192938019,29981,185626834,185597987,28847,178,0,0,0,0,0
1790473607541,198213192,198180899,30791,198180899,30791,195065476,195035171,30305,187,0,0,0,0,0
1790473608103,203456882,203423779,31601,203423779,31601,195065476,195035171,30305,187,0,0,0,0,0
1790473608662,209749310,209715235,32573,209715235,32573,205552856,205520931,31925,197,0,0,0,0,0
1790473609222,213944263,214958115,33383,214958115,33383,213942760,213909539,33221,205,0,0,0,0,0
1790473609835,218139215,218103843,33869,218103843,33869,213942760,213909539,33221,205,0,0,0,0,0
1790473610390,223382904,223346723,34679,223346723,34679,222332664,222298147,34517,213,0,0,0,0,0
1790473610949,229675332,229638179,35651,229638179,35651,222332664,222298147,34517,213,0,0,0,0,0
1790473611507,234919021,234881059,36461,234881059,36461,232820044,232783907,36137,223,0,0,0,0,0
1790473612067,240162711,240123939,37271,241172515,37433,232820044,232783907,36137,223,0,0,0,0,0
1790473612625,246455140,246415395,38243,246415395,38243,242258686,242221091,37595,232,0,0,0,0,0
1790473613184,251698830,251658275,39053,251658275,39053,242258686,242221091,37595,232,0,0,0,0,0
1790473613754,257991258,257949731,40025,257949731,40025,252746066,252706851,39215,242,0,0,0,0,0
1790473614312,263234948,263192611,40835,263192611,40835,262184708,262144035,40673,251,0,0,0,0,0
1790473614889,267429717,267386880,41335,267386880,41335,262184708,262144035,40673,251,0,0,0,0,0
1790473615463,267429717,267386880,41335,267386880,41335,267428215,267386880,41335,255,6,0,0,0,0
1790473616019,267429717,267386880,41335,267386880,41335,267428215,267386880,41335,255,6,0,0,0,0
1790473616584,267429718,267386880,41335,267386880,41335,267428215,267386880,41335,255,15,0,0,0,0
1790473617158,267429718,267386880,41335,267386880,41335,267428215,267386880,41335,255,15,0,0,0,0
1790473617801,267429718,267386880,41335,267386880,41335,267428215,267386880,41335,255,25,0,0,0,0
1790473618365,267429718,267386880,41335,267386880,41335,267428215,267386880,41335,255,34,0,0,0,0
1790473618930,266381142,267386880,41335,267386880,41335,267428215,267386880,41335,255,34,0,0,0,0
1790473619513,267429717,267386880,41335,267386880,41335,267428215,267386880,41335,255,44,0,0,0,0
1790473620076,267429717,267386880,41335,267386880,41335,267428215,267386880,41335,255,44,0,0,0,0
1790473620634,267429719,267386880,41335,267386880,41335,267428215,267386880,41335,255,53,0,0,0,0
1790473621194,267429719,267386880,41335,267386880,41335,267428215,267386880,41335,255,53,0,0,0,0
1790473621753,267429718,267386880,41335,267386880,41335,267428215,267386880,41335,255,63,0,0,0,0
1790473622316,267429718,267386880,41335,267386880,41335,267428215,267386880,41335,255,72,0,0,0,0
1790473622896,267429718,267386880,41335,267386880,41335,267428215,267386880,41335,255,72,0,0,0,0
1790473623461,267429718,267386880,41335,267386880,41335,267428215,267386880,41335,255,82,0,0,0,0
1790473624032,267429718,267386880,41335,267386880,41335,267428215,267386880,41335,255,82,0,0,0,0
1790473624597,267429718,267386880,41335,267386880,41335,267428215,267386880,41335,255,91,0,0,0,0
1790473625163,267429718,267386880,41335,267386880,41335,267428215,267386880,41335,255,91,0,0,0,0
1790473625753,267429719,267386880,41335,266338304,41335,267428215,267386880,41335,255,101,0,0,0,0
1790473626416,267429719,266338304,41335,266338304,41335,267428215,267386880,41335,255,110,0,0,0,0
1790473627156,267429719,267386880,41335,267386880,41335,267428215,267386880,41335,255,117,0,0,0,0
1790473629014,267429719,267386880,41335,267386880,41335,267428215,267386880,41335,255,117,0,0,0,0
1790473629904,267429719,267386880,41335,267386880,41335,267428215,267386880,41335,255,124,0,0,0,0
1790473630687,267429718,267386880,41335,267386880,41335,267428215,267386880,41335,255,132,0,0,0,0
1790473631622,267429719,267386880,41335,267386880,41335,267428215,267386880,41335,255,139,0,0,0,0
1790473632211,267429913,267386916,41493,267386916,41493,267428215,267386880,41335,255,146,0,0,0,0
1790473632802,267431076,267387132,42441,267387132,42441,267428603,267386952,41651,257,146,0,0,0,0
1790473633377,267432050,267387315,43231,267387315,43389,267430351,267387278,43073,266,146,0,0,0,0
1790473634038,267433025,267387500,44021,267387500,44021,267430351,267387278,43073,266,146,0,0,0,0
1790473634738,267434194,267387722,44969,267387722,44969,267431911,267387574,44337,274,146,0,0,0,0
1790473635388,267435364,267387944,45917,267387944,45917,267433666,267387907,45759,283,146,0,0,0,0
1790473635988,267436339,267388166,46865,267388166,46865,267433666,267387907,45759,283,146,0,0,0,0
1790473636586,267437510,267388351,47655,267388351,47813,267435421,267388240,47181,292,146,0,0,0,0
1790473637256,267438680,267388573,48603,267388573,48603,267437176,267388573,48603,301,146,0,0,0,0
1790473637938,267439850,267388795,49551,267388795,49709,267437176,267388573,48603,301,146,0,0,0,0
1790473638736,267441216,267389054,50657,267389054,50657,267438736,267388869,49867,309,146,0,0,0,0
1790473639325,267442385,267389276,51605,267389276,51605,267440686,267389239,51447,319,146,0,0,0,0
1790473640013,267443555,267389498,52553,267389498,52553,267440686,267389239,51447,319,146,0,0,0,0
1790473640666,267444725,267389720,53501,267389720,53501,267442441,267389572,52869,328,146,0,0,0,0
1790473641292,267445895,267389942,54449,267389942,54449,267444196,267389905,54291,337,146,0,0,0,0
1790473641958,267446870,267390164,55397,267390164,55397,267444196,267389905,54291,337,146,0,0,0,0
1790473642875,267448625,267390460,56661,267390460,56661,267445951,267390238,55713,346,146,0,0,0,0
1790473643691,267449800,267390686,57767,267390762,57925,267447511,267390534,56977,354,146,0,0,0,0
1790473644959,267451563,267391028,59189,267391104,59347,267449079,267391104,59347,369,146,0,0,0,0
1790473646116,267453327,267391408,60611,267391408,60769,267452019,267391408,60611,377,146,0,0,0,0
1790473647159,267454895,267391712,61875,267391750,62033,267453391,267391674,61717,384,146,0,0,0,0
1790473648330,267456463,267391978,63139,267392016,63139,267454959,267391978,62981,392,146,0,0,0,0
1790473649659,267519668,267392320,64403,267392358,64561,267455939,267392168,63771,397,146,0,0,0,0
1790473650974,267459992,267392700,65983,267392700,65983,267457507,267392472,65035,405,146,0,0,0,0
1790473652087,267461362,267392966,67089,267393004,67247,267460055,267392966,67089,418,146,0,0,0,0
1790473653542,267463127,267393270,68511,267393308,68511,267461427,267393232,68195,425,146,0,0,0,0
1790473654312,267464695,267393574,69617,267393574,69617,267462995,267393536,69459,433,146,0,0,0,0
1790473655035,267465871,267393802,70565,267393802,70565,267462995,267393536,69459,433,146,0,0,0,0
1790473655739,267466851,267394030,71513,267394030,71513,267464759,267393878,70881,442,146,0,0,0,0
1790473656733,267468419,267394296,72619,267394296,72619,267466131,267394144,71987,449,146,0,0,0,0
1790473657446,267468616,267394334,72777,267394334,72777,267467111,267394334,72777,454,146,0,0,0,0
1790473658122,267468616,267394334,72777,267394334,72777,267467111,267394334,72777,454,146,0,0,0,0
1790473659154,267468617,267394334,72777,267394334,72777,267467111,267394334,72777,454,146,0,0,0,0
