arm,link,proto,conns,conc,stage,op,kind,requests,verify_requests,work_ms,wall_ms,statuses,client_proto,server_proto,bytes,ok,unreliable,class,detail,proto_note
h1-loopback-c1x1,loopback,h1,1,1,0,stat,required,1,0,0.320,0.409,200,HTTP/1.1,HTTP/1.1,0,true,false,ok,ETag and X-Bunker-Hash are the file's content hash,
h1-loopback-c1x1,loopback,h1,1,1,0,read-small,required,1,0,1.531,22.461,200,HTTP/1.1,HTTP/1.1,1024,true,false,ok,"1024 bytes, hash matches",
h1-loopback-c1x1,loopback,h1,1,1,0,read-large,required,1,0,13.271,23.258,200,HTTP/1.1,HTTP/1.1,4194304,true,false,ok,"4194304 bytes, hash matches",
h1-loopback-c1x1,loopback,h1,1,1,0,list-shallow,required,1,0,1.164,16.387,207,HTTP/1.1,HTTP/1.1,11495,true,false,ok,27 members,
h1-loopback-c1x1,loopback,h1,1,1,0,list-deep,required,1,0,0.406,16.527,207,HTTP/1.1,HTTP/1.1,1815,true,false,ok,4 members at depth 3,
h1-loopback-c1x1,loopback,h1,1,1,0,walk-tree,required,167,0,32.234,86.107,"10x207,157x200",HTTP/1.1,HTTP/1.1,75067,true,false,ok,"10 dirs + 157 files discovered, matching the fixture",
h1-loopback-c1x1,loopback,h1,1,1,0,git-status-shaped,required,1,0,5.321,46.266,200,HTTP/1.1,HTTP/1.1,28244,true,false,ok,1 request returned 167 entries (157 hashes),
h1-loopback-c1x1,loopback,h1,1,1,0,fanout-100,extra,100,0,26.523,51.285,100x200,HTTP/1.1,HTTP/1.1,102400,true,false,ok,"100 requests issued concurrently (bounded at 1 in flight), all verified",
h1-loopback-c1x1,loopback,h1,1,1,1,write-small,required,1,1,6.559,21.995,201,HTTP/1.1,HTTP/1.1,0,true,false,ok,1024 bytes written and read back,
h1-loopback-c1x1,loopback,h1,1,1,1,write-large,required,1,1,29.963,77.204,201,HTTP/1.1,HTTP/1.1,0,true,false,ok,4194304 bytes written and read back,
h1-loopback-c1x1,loopback,h1,1,1,1,create,required,1,1,7.319,22.388,201,HTTP/1.1,HTTP/1.1,0,true,false,ok,"201 created, bytes verified",
h1-loopback-c1x1,loopback,h1,1,1,1,mkdir-rmdir,required,2,1,0.524,22.529,"201,204",HTTP/1.1,HTTP/1.1,0,true,false,ok,"201 then 204, 404 on read-back",
h1-loopback-c1x1,loopback,h1,1,1,1,conflict,required,3,1,7.628,23.088,"200,204,412",HTTP/1.1,HTTP/1.1,324,true,false,ok,412 hash_mismatch with both hashes; bytes unchanged; identical-content arm is 204,
h1-loopback-c1x1,loopback,h1,1,1,2,rename,required,1,2,0.353,0.965,201,HTTP/1.1,HTTP/1.1,0,true,false,ok,"source gone, destination present",
h1-loopback-c1x1,loopback,h1,1,1,3,delete,required,1,1,0.228,0.432,204,HTTP/1.1,HTTP/1.1,0,true,false,ok,"deleted, 404 on read-back",
h1-loopback-c1x8,loopback,h1,1,8,0,stat,required,1,0,0.348,0.430,200,HTTP/1.1,HTTP/1.1,0,true,false,ok,ETag and X-Bunker-Hash are the file's content hash,
h1-loopback-c1x8,loopback,h1,1,8,0,read-small,required,1,0,0.946,1.065,200,HTTP/1.1,HTTP/1.1,1024,true,false,ok,"1024 bytes, hash matches",
h1-loopback-c1x8,loopback,h1,1,8,0,read-large,required,1,0,10.631,20.615,200,HTTP/1.1,HTTP/1.1,4194304,true,false,ok,"4194304 bytes, hash matches",
h1-loopback-c1x8,loopback,h1,1,8,0,list-shallow,required,1,0,9.820,16.196,207,HTTP/1.1,HTTP/1.1,11495,true,false,ok,27 members,
h1-loopback-c1x8,loopback,h1,1,8,0,list-deep,required,1,0,5.272,5.517,207,HTTP/1.1,HTTP/1.1,1815,true,false,ok,4 members at depth 3,
h1-loopback-c1x8,loopback,h1,1,8,0,walk-tree,required,167,0,229.116,66.374,"10x207,157x200",HTTP/1.1,HTTP/1.1,75067,true,false,ok,"10 dirs + 157 files discovered, matching the fixture",
h1-loopback-c1x8,loopback,h1,1,8,0,git-status-shaped,required,1,0,6.987,23.287,200,HTTP/1.1,HTTP/1.1,28244,true,false,ok,1 request returned 167 entries (157 hashes),
h1-loopback-c1x8,loopback,h1,1,8,0,fanout-100,extra,100,0,255.153,37.629,100x200,HTTP/1.1,HTTP/1.1,102400,true,false,ok,"100 requests issued concurrently (bounded at 8 in flight), all verified",
h1-loopback-c1x8,loopback,h1,1,8,1,write-small,required,1,1,13.279,21.567,201,HTTP/1.1,HTTP/1.1,0,true,false,ok,1024 bytes written and read back,
h1-loopback-c1x8,loopback,h1,1,8,1,write-large,required,1,1,32.040,85.472,201,HTTP/1.1,HTTP/1.1,0,true,false,ok,4194304 bytes written and read back,
h1-loopback-c1x8,loopback,h1,1,8,1,create,required,1,1,5.834,21.334,201,HTTP/1.1,HTTP/1.1,0,true,false,ok,"201 created, bytes verified",
h1-loopback-c1x8,loopback,h1,1,8,1,mkdir-rmdir,required,2,1,21.024,21.982,"201,204",HTTP/1.1,HTTP/1.1,0,true,false,ok,"201 then 204, 404 on read-back",
h1-loopback-c1x8,loopback,h1,1,8,1,conflict,required,3,1,21.775,22.150,"200,204,412",HTTP/1.1,HTTP/1.1,324,true,false,ok,412 hash_mismatch with both hashes; bytes unchanged; identical-content arm is 204,
h1-loopback-c1x8,loopback,h1,1,8,2,rename,required,1,2,0.379,0.973,201,HTTP/1.1,HTTP/1.1,0,true,false,ok,"source gone, destination present",
h1-loopback-c1x8,loopback,h1,1,8,3,delete,required,1,1,0.217,0.441,204,HTTP/1.1,HTTP/1.1,0,true,false,ok,"deleted, 404 on read-back",
h1-loopback-c8x8,loopback,h1,8,8,0,stat,required,1,0,4.006,4.115,200,HTTP/1.1,HTTP/1.1,0,true,false,ok,ETag and X-Bunker-Hash are the file's content hash,
h1-loopback-c8x8,loopback,h1,8,8,0,read-small,required,1,0,0.676,0.744,200,HTTP/1.1,HTTP/1.1,1024,true,false,ok,"1024 bytes, hash matches",
h1-loopback-c8x8,loopback,h1,8,8,0,read-large,required,1,0,26.883,32.518,200,HTTP/1.1,HTTP/1.1,4194304,true,false,ok,"4194304 bytes, hash matches",
h1-loopback-c8x8,loopback,h1,8,8,0,list-shallow,required,1,0,8.567,9.048,207,HTTP/1.1,HTTP/1.1,11522,true,false,ok,27 members,
h1-loopback-c8x8,loopback,h1,8,8,0,list-deep,required,1,0,3.502,3.719,207,HTTP/1.1,HTTP/1.1,1819,true,false,ok,4 members at depth 3,
h1-loopback-c8x8,loopback,h1,8,8,0,walk-tree,required,167,0,95.416,34.070,"10x207,157x200",HTTP/1.1,HTTP/1.1,75243,true,false,ok,"10 dirs + 157 files discovered, matching the fixture",
h1-loopback-c8x8,loopback,h1,8,8,0,git-status-shaped,required,1,0,21.083,22.622,200,HTTP/1.1,HTTP/1.1,28246,true,false,ok,1 request returned 167 entries (157 hashes),
h1-loopback-c8x8,loopback,h1,8,8,0,fanout-100,extra,100,0,100.013,23.970,100x200,HTTP/1.1,HTTP/1.1,102400,true,false,ok,"100 requests issued concurrently (bounded at 8 in flight), all verified",
h1-loopback-c8x8,loopback,h1,8,8,1,write-small,required,1,1,4.861,5.233,201,HTTP/1.1,HTTP/1.1,0,true,false,ok,1024 bytes written and read back,
h1-loopback-c8x8,loopback,h1,8,8,1,write-large,required,1,1,23.685,80.162,201,HTTP/1.1,HTTP/1.1,0,true,false,ok,4194304 bytes written and read back,
h1-loopback-c8x8,loopback,h1,8,8,1,create,required,1,1,4.699,5.069,201,HTTP/1.1,HTTP/1.1,0,true,false,ok,"201 created, bytes verified",
h1-loopback-c8x8,loopback,h1,8,8,1,mkdir-rmdir,required,2,1,0.428,0.662,"201,204",HTTP/1.1,HTTP/1.1,0,true,false,ok,"201 then 204, 404 on read-back",
h1-loopback-c8x8,loopback,h1,8,8,1,conflict,required,3,1,9.432,9.783,"200,204,412",HTTP/1.1,HTTP/1.1,324,true,false,ok,412 hash_mismatch with both hashes; bytes unchanged; identical-content arm is 204,
h1-loopback-c8x8,loopback,h1,8,8,2,rename,required,1,2,0.409,1.089,201,HTTP/1.1,HTTP/1.1,0,true,false,ok,"source gone, destination present",
h1-loopback-c8x8,loopback,h1,8,8,3,delete,required,1,1,0.405,0.842,204,HTTP/1.1,HTTP/1.1,0,true,false,ok,"deleted, 404 on read-back",
h2-loopback-c1x1,loopback,h2,1,1,0,stat,required,1,0,0.543,0.600,200,HTTP/2.0,HTTP/2.0,0,true,false,ok,ETag and X-Bunker-Hash are the file's content hash,
h2-loopback-c1x1,loopback,h2,1,1,0,read-small,required,1,0,0.363,1.102,200,HTTP/2.0,HTTP/2.0,1024,true,false,ok,"1024 bytes, hash matches",
h2-loopback-c1x1,loopback,h2,1,1,0,read-large,required,1,0,15.988,24.519,200,HTTP/2.0,HTTP/2.0,4194304,true,false,ok,"4194304 bytes, hash matches",
h2-loopback-c1x1,loopback,h2,1,1,0,list-shallow,required,1,0,1.114,38.751,207,HTTP/2.0,HTTP/2.0,11522,true,false,ok,27 members,
h2-loopback-c1x1,loopback,h2,1,1,0,list-deep,required,1,0,0.630,18.570,207,HTTP/2.0,HTTP/2.0,1819,true,false,ok,4 members at depth 3,
h2-loopback-c1x1,loopback,h2,1,1,0,walk-tree,required,167,0,49.475,104.602,"10x207,157x200",HTTP/2.0,HTTP/2.0,75243,true,false,ok,"10 dirs + 157 files discovered, matching the fixture",
h2-loopback-c1x1,loopback,h2,1,1,0,git-status-shaped,required,1,0,4.626,34.644,200,HTTP/2.0,HTTP/2.0,28245,true,false,ok,1 request returned 167 entries (157 hashes),
h2-loopback-c1x1,loopback,h2,1,1,0,fanout-100,extra,100,0,26.945,52.873,100x200,HTTP/2.0,HTTP/2.0,102400,true,false,ok,"100 requests issued concurrently (bounded at 1 in flight), all verified",
h2-loopback-c1x1,loopback,h2,1,1,1,write-small,required,1,1,5.335,23.483,201,HTTP/2.0,HTTP/2.0,0,true,false,ok,1024 bytes written and read back,
h2-loopback-c1x1,loopback,h2,1,1,1,write-large,required,1,1,28.971,84.016,201,HTTP/2.0,HTTP/2.0,0,true,false,ok,4194304 bytes written and read back,
h2-loopback-c1x1,loopback,h2,1,1,1,create,required,1,1,6.819,24.245,201,HTTP/2.0,HTTP/2.0,0,true,false,ok,"201 created, bytes verified",
h2-loopback-c1x1,loopback,h2,1,1,1,mkdir-rmdir,required,2,1,0.717,24.977,"201,204",HTTP/2.0,HTTP/2.0,0,true,false,ok,"201 then 204, 404 on read-back",
h2-loopback-c1x1,loopback,h2,1,1,1,conflict,required,3,1,9.401,25.322,"200,204,412",HTTP/2.0,HTTP/2.0,324,true,false,ok,412 hash_mismatch with both hashes; bytes unchanged; identical-content arm is 204,
h2-loopback-c1x1,loopback,h2,1,1,2,rename,required,1,2,0.462,1.108,201,HTTP/2.0,HTTP/2.0,0,true,false,ok,"source gone, destination present",
h2-loopback-c1x1,loopback,h2,1,1,3,delete,required,1,1,0.241,0.557,204,HTTP/2.0,HTTP/2.0,0,true,false,ok,"deleted, 404 on read-back",
h2-loopback-c1x8,loopback,h2,1,8,0,stat,required,1,0,0.678,0.730,200,HTTP/2.0,HTTP/2.0,0,true,false,ok,ETag and X-Bunker-Hash are the file's content hash,
h2-loopback-c1x8,loopback,h2,1,8,0,read-small,required,1,0,0.509,0.631,200,HTTP/2.0,HTTP/2.0,1024,true,false,ok,"1024 bytes, hash matches",
h2-loopback-c1x8,loopback,h2,1,8,0,read-large,required,1,0,20.917,27.657,200,HTTP/2.0,HTTP/2.0,4194304,true,false,ok,"4194304 bytes, hash matches",
h2-loopback-c1x8,loopback,h2,1,8,0,list-shallow,required,1,0,1.428,2.009,207,HTTP/2.0,HTTP/2.0,11522,true,false,ok,27 members,
h2-loopback-c1x8,loopback,h2,1,8,0,list-deep,required,1,0,0.938,1.174,207,HTTP/2.0,HTTP/2.0,1819,true,false,ok,4 members at depth 3,
h2-loopback-c1x8,loopback,h2,1,8,0,walk-tree,required,167,0,104.569,29.141,"10x207,157x200",HTTP/2.0,HTTP/2.0,75243,true,false,ok,"10 dirs + 157 files discovered, matching the fixture",
h2-loopback-c1x8,loopback,h2,1,8,0,git-status-shaped,required,1,0,9.710,12.430,200,HTTP/2.0,HTTP/2.0,28245,true,false,ok,1 request returned 167 entries (157 hashes),
h2-loopback-c1x8,loopback,h2,1,8,0,fanout-100,extra,100,0,81.820,15.486,100x200,HTTP/2.0,HTTP/2.0,102400,true,false,ok,"100 requests issued concurrently (bounded at 8 in flight), all verified",
h2-loopback-c1x8,loopback,h2,1,8,1,write-small,required,1,1,5.258,5.693,201,HTTP/2.0,HTTP/2.0,0,true,false,ok,1024 bytes written and read back,
h2-loopback-c1x8,loopback,h2,1,8,1,write-large,required,1,1,23.596,71.664,201,HTTP/2.0,HTTP/2.0,0,true,false,ok,4194304 bytes written and read back,
h2-loopback-c1x8,loopback,h2,1,8,1,create,required,1,1,8.178,8.801,201,HTTP/2.0,HTTP/2.0,0,true,false,ok,"201 created, bytes verified",
h2-loopback-c1x8,loopback,h2,1,8,1,mkdir-rmdir,required,2,1,0.711,1.003,"201,204",HTTP/2.0,HTTP/2.0,0,true,false,ok,"201 then 204, 404 on read-back",
h2-loopback-c1x8,loopback,h2,1,8,1,conflict,required,3,1,7.640,7.996,"200,204,412",HTTP/2.0,HTTP/2.0,324,true,false,ok,412 hash_mismatch with both hashes; bytes unchanged; identical-content arm is 204,
h2-loopback-c1x8,loopback,h2,1,8,2,rename,required,1,2,0.429,1.110,201,HTTP/2.0,HTTP/2.0,0,true,false,ok,"source gone, destination present",
h2-loopback-c1x8,loopback,h2,1,8,3,delete,required,1,1,0.253,0.455,204,HTTP/2.0,HTTP/2.0,0,true,false,ok,"deleted, 404 on read-back",
h3-loopback-c1x1,loopback,h3,1,1,0,stat,required,1,0,0.508,0.581,200,HTTP/3.0,HTTP/3.0,0,true,false,ok,ETag and X-Bunker-Hash are the file's content hash,
h3-loopback-c1x1,loopback,h3,1,1,0,read-small,required,1,0,0.564,1.731,200,HTTP/3.0,HTTP/3.0,1024,true,false,ok,"1024 bytes, hash matches",
h3-loopback-c1x1,loopback,h3,1,1,0,read-large,required,1,0,15.657,23.445,200,HTTP/3.0,HTTP/3.0,4194304,true,false,ok,"4194304 bytes, hash matches",
h3-loopback-c1x1,loopback,h3,1,1,0,list-shallow,required,1,0,1.593,20.288,207,HTTP/3.0,HTTP/3.0,11522,true,false,ok,27 members,
h3-loopback-c1x1,loopback,h3,1,1,0,list-deep,required,1,0,0.480,21.741,207,HTTP/3.0,HTTP/3.0,1819,true,false,ok,4 members at depth 3,
h3-loopback-c1x1,loopback,h3,1,1,0,walk-tree,required,167,0,48.852,104.820,"10x207,157x200",HTTP/3.0,HTTP/3.0,75243,true,false,ok,"10 dirs + 157 files discovered, matching the fixture",
h3-loopback-c1x1,loopback,h3,1,1,0,git-status-shaped,required,1,0,4.496,33.667,200,HTTP/3.0,HTTP/3.0,28245,true,false,ok,1 request returned 167 entries (157 hashes),
h3-loopback-c1x1,loopback,h3,1,1,0,fanout-100,extra,100,0,28.526,53.816,100x200,HTTP/3.0,HTTP/3.0,102400,true,false,ok,"100 requests issued concurrently (bounded at 1 in flight), all verified",
h3-loopback-c1x1,loopback,h3,1,1,1,write-small,required,1,1,14.053,29.784,201,HTTP/3.0,HTTP/3.0,0,true,false,ok,1024 bytes written and read back,
h3-loopback-c1x1,loopback,h3,1,1,1,write-large,required,1,1,53.760,105.457,201,HTTP/3.0,HTTP/3.0,0,true,false,ok,4194304 bytes written and read back,
h3-loopback-c1x1,loopback,h3,1,1,1,create,required,1,1,7.282,29.951,201,HTTP/3.0,HTTP/3.0,0,true,false,ok,"201 created, bytes verified",
h3-loopback-c1x1,loopback,h3,1,1,1,mkdir-rmdir,required,2,1,0.693,85.279,"201,204",HTTP/3.0,HTTP/3.0,0,true,false,ok,"201 then 204, 404 on read-back",
h3-loopback-c1x1,loopback,h3,1,1,1,conflict,required,3,1,8.320,85.788,"200,204,412",HTTP/3.0,HTTP/3.0,324,true,false,ok,412 hash_mismatch with both hashes; bytes unchanged; identical-content arm is 204,
h3-loopback-c1x1,loopback,h3,1,1,2,rename,required,1,2,0.688,1.523,201,HTTP/3.0,HTTP/3.0,0,true,false,ok,"source gone, destination present",
h3-loopback-c1x1,loopback,h3,1,1,3,delete,required,1,1,0.357,0.635,204,HTTP/3.0,HTTP/3.0,0,true,false,ok,"deleted, 404 on read-back",
h3-loopback-c1x8,loopback,h3,1,8,0,stat,required,1,0,0.594,0.716,200,HTTP/3.0,HTTP/3.0,0,true,false,ok,ETag and X-Bunker-Hash are the file's content hash,
h3-loopback-c1x8,loopback,h3,1,8,0,read-small,required,1,0,0.723,0.797,200,HTTP/3.0,HTTP/3.0,1024,true,false,ok,"1024 bytes, hash matches",
h3-loopback-c1x8,loopback,h3,1,8,0,read-large,required,1,0,21.687,28.996,200,HTTP/3.0,HTTP/3.0,4194304,true,false,ok,"4194304 bytes, hash matches",
h3-loopback-c1x8,loopback,h3,1,8,0,list-shallow,required,1,0,4.642,5.160,207,HTTP/3.0,HTTP/3.0,11522,true,false,ok,27 members,
h3-loopback-c1x8,loopback,h3,1,8,0,list-deep,required,1,0,0.746,0.876,207,HTTP/3.0,HTTP/3.0,1819,true,false,ok,4 members at depth 3,
h3-loopback-c1x8,loopback,h3,1,8,0,walk-tree,required,167,0,88.464,33.216,"10x207,157x200",HTTP/3.0,HTTP/3.0,75243,true,false,ok,"10 dirs + 157 files discovered, matching the fixture",
h3-loopback-c1x8,loopback,h3,1,8,0,git-status-shaped,required,1,0,10.138,11.637,200,HTTP/3.0,HTTP/3.0,28245,true,false,ok,1 request returned 167 entries (157 hashes),
h3-loopback-c1x8,loopback,h3,1,8,0,fanout-100,extra,100,0,130.179,22.587,100x200,HTTP/3.0,HTTP/3.0,102400,true,false,ok,"100 requests issued concurrently (bounded at 8 in flight), all verified",
h3-loopback-c1x8,loopback,h3,1,8,1,write-small,required,1,1,7.691,8.373,201,HTTP/3.0,HTTP/3.0,0,true,false,ok,1024 bytes written and read back,
h3-loopback-c1x8,loopback,h3,1,8,1,write-large,required,1,1,48.822,96.922,201,HTTP/3.0,HTTP/3.0,0,true,false,ok,4194304 bytes written and read back,
h3-loopback-c1x8,loopback,h3,1,8,1,create,required,1,1,7.294,7.873,201,HTTP/3.0,HTTP/3.0,0,true,false,ok,"201 created, bytes verified",
h3-loopback-c1x8,loopback,h3,1,8,1,mkdir-rmdir,required,2,1,1.545,1.829,"201,204",HTTP/3.0,HTTP/3.0,0,true,false,ok,"201 then 204, 404 on read-back",
h3-loopback-c1x8,loopback,h3,1,8,1,conflict,required,3,1,8.236,8.671,"200,204,412",HTTP/3.0,HTTP/3.0,324,true,false,ok,412 hash_mismatch with both hashes; bytes unchanged; identical-content arm is 204,
h3-loopback-c1x8,loopback,h3,1,8,2,rename,required,1,2,0.460,1.168,201,HTTP/3.0,HTTP/3.0,0,true,false,ok,"source gone, destination present",
h3-loopback-c1x8,loopback,h3,1,8,3,delete,required,1,1,0.249,0.463,204,HTTP/3.0,HTTP/3.0,0,true,false,ok,"deleted, 404 on read-back",
h1-delay20-c1x1,delay20,h1,1,1,0,stat,required,1,0,40.847,959.121,200,HTTP/1.1,HTTP/1.1,0,true,false,ok,ETag and X-Bunker-Hash are the file's content hash,
h1-delay20-c1x1,delay20,h1,1,1,0,read-small,required,1,0,40.768,918.209,200,HTTP/1.1,HTTP/1.1,1024,true,false,ok,"1024 bytes, hash matches",
h1-delay20-c1x1,delay20,h1,1,1,0,read-large,required,1,0,50.947,184.616,200,HTTP/1.1,HTTP/1.1,4194304,true,false,ok,"4194304 bytes, hash matches",
h1-delay20-c1x1,delay20,h1,1,1,0,list-shallow,required,1,0,41.895,42.424,207,HTTP/1.1,HTTP/1.1,11522,true,false,ok,27 members,
h1-delay20-c1x1,delay20,h1,1,1,0,list-deep,required,1,0,41.023,128.708,207,HTTP/1.1,HTTP/1.1,1819,true,false,ok,4 members at depth 3,
h1-delay20-c1x1,delay20,h1,1,1,0,walk-tree,required,167,0,6829.756,11178.916,"10x207,157x200",HTTP/1.1,HTTP/1.1,75243,true,false,ok,"10 dirs + 157 files discovered, matching the fixture",
h1-delay20-c1x1,delay20,h1,1,1,0,git-status-shaped,required,1,0,44.341,633.165,200,HTTP/1.1,HTTP/1.1,28245,true,false,ok,1 request returned 167 entries (157 hashes),
h1-delay20-c1x1,delay20,h1,1,1,0,fanout-100,extra,100,0,4082.370,4389.883,100x200,HTTP/1.1,HTTP/1.1,102400,true,false,ok,"100 requests issued concurrently (bounded at 1 in flight), all verified",
h1-delay20-c1x1,delay20,h1,1,1,1,write-small,required,1,1,44.709,329.656,201,HTTP/1.1,HTTP/1.1,0,true,false,ok,1024 bytes written and read back,
h1-delay20-c1x1,delay20,h1,1,1,1,write-large,required,1,1,70.309,464.726,201,HTTP/1.1,HTTP/1.1,0,true,false,ok,4194304 bytes written and read back,
h1-delay20-c1x1,delay20,h1,1,1,1,create,required,1,1,44.339,370.569,201,HTTP/1.1,HTTP/1.1,0,true,false,ok,"201 created, bytes verified",
h1-delay20-c1x1,delay20,h1,1,1,1,mkdir-rmdir,required,2,1,82.670,544.189,"201,204",HTTP/1.1,HTTP/1.1,0,true,false,ok,"201 then 204, 404 on read-back",
h1-delay20-c1x1,delay20,h1,1,1,1,conflict,required,3,1,128.149,585.126,"200,204,412",HTTP/1.1,HTTP/1.1,324,true,false,ok,412 hash_mismatch with both hashes; bytes unchanged; identical-content arm is 204,
h1-delay20-c1x1,delay20,h1,1,1,2,rename,required,1,2,40.745,122.276,201,HTTP/1.1,HTTP/1.1,0,true,false,ok,"source gone, destination present",
h1-delay20-c1x1,delay20,h1,1,1,3,delete,required,1,1,40.762,81.521,204,HTTP/1.1,HTTP/1.1,0,true,false,ok,"deleted, 404 on read-back",
h1-delay20-c1x8,delay20,h1,1,8,0,stat,required,1,0,123.178,123.245,200,HTTP/1.1,HTTP/1.1,0,true,false,ok,ETag and X-Bunker-Hash are the file's content hash,
h1-delay20-c1x8,delay20,h1,1,8,0,read-small,required,1,0,204.618,204.674,200,HTTP/1.1,HTTP/1.1,1024,true,false,ok,"1024 bytes, hash matches",
h1-delay20-c1x8,delay20,h1,1,8,0,read-large,required,1,0,296.479,300.800,200,HTTP/1.1,HTTP/1.1,4194304,true,false,ok,"4194304 bytes, hash matches",
h1-delay20-c1x8,delay20,h1,1,8,0,list-shallow,required,1,0,82.459,83.079,207,HTTP/1.1,HTTP/1.1,11522,true,false,ok,27 members,
h1-delay20-c1x8,delay20,h1,1,8,0,list-deep,required,1,0,335.527,335.632,207,HTTP/1.1,HTTP/1.1,1819,true,false,ok,4 members at depth 3,
h1-delay20-c1x8,delay20,h1,1,8,0,walk-tree,required,167,0,54770.212,11184.980,"10x207,157x200",HTTP/1.1,HTTP/1.1,75243,true,false,ok,"10 dirs + 157 files discovered, matching the fixture",
h1-delay20-c1x8,delay20,h1,1,8,0,git-status-shaped,required,1,0,330.313,2258.734,200,HTTP/1.1,HTTP/1.1,28245,true,false,ok,1 request returned 167 entries (157 hashes),
h1-delay20-c1x8,delay20,h1,1,8,0,fanout-100,extra,100,0,32189.147,4379.140,100x200,HTTP/1.1,HTTP/1.1,102400,true,false,ok,"100 requests issued concurrently (bounded at 8 in flight), all verified",
h1-delay20-c1x8,delay20,h1,1,8,1,write-small,required,1,1,128.060,364.413,201,HTTP/1.1,HTTP/1.1,0,true,false,ok,1024 bytes written and read back,
h1-delay20-c1x8,delay20,h1,1,8,1,write-large,required,1,1,206.815,457.741,201,HTTP/1.1,HTTP/1.1,0,true,false,ok,4194304 bytes written and read back,
h1-delay20-c1x8,delay20,h1,1,8,1,create,required,1,1,172.548,405.197,201,HTTP/1.1,HTTP/1.1,0,true,false,ok,"201 created, bytes verified",
h1-delay20-c1x8,delay20,h1,1,8,1,mkdir-rmdir,required,2,1,322.424,535.325,"201,204",HTTP/1.1,HTTP/1.1,0,true,false,ok,"201 then 204, 404 on read-back",
h1-delay20-c1x8,delay20,h1,1,8,1,conflict,required,3,1,494.298,576.004,"200,204,412",HTTP/1.1,HTTP/1.1,324,true,false,ok,412 hash_mismatch with both hashes; bytes unchanged; identical-content arm is 204,
h1-delay20-c1x8,delay20,h1,1,8,2,rename,required,1,2,40.732,122.304,201,HTTP/1.1,HTTP/1.1,0,true,false,ok,"source gone, destination present",
h1-delay20-c1x8,delay20,h1,1,8,3,delete,required,1,1,40.944,81.743,204,HTTP/1.1,HTTP/1.1,0,true,false,ok,"deleted, 404 on read-back",
h1-delay20-c8x8,delay20,h1,8,8,0,stat,required,1,0,82.892,82.971,200,HTTP/1.1,HTTP/1.1,0,true,false,ok,ETag and X-Bunker-Hash are the file's content hash,
h1-delay20-c8x8,delay20,h1,8,8,0,read-small,required,1,0,40.902,40.983,200,HTTP/1.1,HTTP/1.1,1024,true,false,ok,"1024 bytes, hash matches",
h1-delay20-c8x8,delay20,h1,8,8,0,read-large,required,1,0,95.114,101.347,200,HTTP/1.1,HTTP/1.1,4194304,true,false,ok,"4194304 bytes, hash matches",
h1-delay20-c8x8,delay20,h1,8,8,0,list-shallow,required,1,0,83.772,84.343,207,HTTP/1.1,HTTP/1.1,11522,true,false,ok,27 members,
h1-delay20-c8x8,delay20,h1,8,8,0,list-deep,required,1,0,84.077,84.283,207,HTTP/1.1,HTTP/1.1,1819,true,false,ok,4 members at depth 3,
h1-delay20-c8x8,delay20,h1,8,8,0,walk-tree,required,167,0,7029.012,1466.632,"10x207,157x200",HTTP/1.1,HTTP/1.1,75243,true,false,ok,"10 dirs + 157 files discovered, matching the fixture",
h1-delay20-c8x8,delay20,h1,8,8,0,git-status-shaped,required,1,0,89.787,90.298,200,HTTP/1.1,HTTP/1.1,28245,true,false,ok,1 request returned 167 entries (157 hashes),
h1-delay20-c8x8,delay20,h1,8,8,0,fanout-100,extra,100,0,4166.925,620.415,100x200,HTTP/1.1,HTTP/1.1,102400,true,false,ok,"100 requests issued concurrently (bounded at 8 in flight), all verified",
h1-delay20-c8x8,delay20,h1,8,8,1,write-small,required,1,1,44.941,86.689,201,HTTP/1.1,HTTP/1.1,0,true,false,ok,1024 bytes written and read back,
h1-delay20-c8x8,delay20,h1,8,8,1,write-large,required,1,1,69.153,152.880,201,HTTP/1.1,HTTP/1.1,0,true,false,ok,4194304 bytes written and read back,
h1-delay20-c8x8,delay20,h1,8,8,1,create,required,1,1,45.021,86.740,201,HTTP/1.1,HTTP/1.1,0,true,false,ok,"201 created, bytes verified",
h1-delay20-c8x8,delay20,h1,8,8,1,mkdir-rmdir,required,2,1,82.313,123.790,"201,204",HTTP/1.1,HTTP/1.1,0,true,false,ok,"201 then 204, 404 on read-back",
h1-delay20-c8x8,delay20,h1,8,8,1,conflict,required,3,1,134.362,176.029,"200,204,412",HTTP/1.1,HTTP/1.1,324,true,false,ok,412 hash_mismatch with both hashes; bytes unchanged; identical-content arm is 204,
h1-delay20-c8x8,delay20,h1,8,8,2,rename,required,1,2,40.757,122.365,201,HTTP/1.1,HTTP/1.1,0,true,false,ok,"source gone, destination present",
h1-delay20-c8x8,delay20,h1,8,8,3,delete,required,1,1,40.877,81.628,204,HTTP/1.1,HTTP/1.1,0,true,false,ok,"deleted, 404 on read-back",
h2-delay20-c1x1,delay20,h2,1,1,0,stat,required,1,0,40.900,1034.116,200,HTTP/2.0,HTTP/2.0,0,true,false,ok,ETag and X-Bunker-Hash are the file's content hash,
h2-delay20-c1x1,delay20,h2,1,1,0,read-small,required,1,0,44.998,952.171,200,HTTP/2.0,HTTP/2.0,1024,true,false,ok,"1024 bytes, hash matches",
h2-delay20-c1x1,delay20,h2,1,1,0,read-large,required,1,0,68.939,2137.006,200,HTTP/2.0,HTTP/2.0,4194304,true,false,ok,"4194304 bytes, hash matches",
h2-delay20-c1x1,delay20,h2,1,1,0,list-shallow,required,1,0,42.503,43.251,207,HTTP/2.0,HTTP/2.0,11522,true,false,ok,27 members,
h2-delay20-c1x1,delay20,h2,1,1,0,list-deep,required,1,0,41.139,534.045,207,HTTP/2.0,HTTP/2.0,1819,true,false,ok,4 members at depth 3,
h2-delay20-c1x1,delay20,h2,1,1,0,walk-tree,required,167,0,6864.534,11257.278,"10x207,157x200",HTTP/2.0,HTTP/2.0,75243,true,false,ok,"10 dirs + 157 files discovered, matching the fixture",
h2-delay20-c1x1,delay20,h2,1,1,0,git-status-shaped,required,1,0,45.385,1980.364,200,HTTP/2.0,HTTP/2.0,28245,true,false,ok,1 request returned 167 entries (157 hashes),
h2-delay20-c1x1,delay20,h2,1,1,0,fanout-100,extra,100,0,4100.464,4431.272,100x200,HTTP/2.0,HTTP/2.0,102400,true,false,ok,"100 requests issued concurrently (bounded at 1 in flight), all verified",
h2-delay20-c1x1,delay20,h2,1,1,1,write-small,required,1,1,45.507,496.287,201,HTTP/2.0,HTTP/2.0,0,true,false,ok,1024 bytes written and read back,
h2-delay20-c1x1,delay20,h2,1,1,1,write-large,required,1,1,237.967,646.964,201,HTTP/2.0,HTTP/2.0,0,true,false,ok,4194304 bytes written and read back,
h2-delay20-c1x1,delay20,h2,1,1,1,create,required,1,1,44.782,536.177,201,HTTP/2.0,HTTP/2.0,0,true,false,ok,"201 created, bytes verified",
h2-delay20-c1x1,delay20,h2,1,1,1,mkdir-rmdir,required,2,1,81.966,726.679,"201,204",HTTP/2.0,HTTP/2.0,0,true,false,ok,"201 then 204, 404 on read-back",
h2-delay20-c1x1,delay20,h2,1,1,1,conflict,required,3,1,127.337,768.745,"200,204,412",HTTP/2.0,HTTP/2.0,324,true,false,ok,412 hash_mismatch with both hashes; bytes unchanged; identical-content arm is 204,
h2-delay20-c1x1,delay20,h2,1,1,2,rename,required,1,2,40.907,122.883,201,HTTP/2.0,HTTP/2.0,0,true,false,ok,"source gone, destination present",
h2-delay20-c1x1,delay20,h2,1,1,3,delete,required,1,1,40.845,81.766,204,HTTP/2.0,HTTP/2.0,0,true,false,ok,"deleted, 404 on read-back",
h2-delay20-c1x8,delay20,h2,1,8,0,stat,required,1,0,41.329,41.433,200,HTTP/2.0,HTTP/2.0,0,true,false,ok,ETag and X-Bunker-Hash are the file's content hash,
h2-delay20-c1x8,delay20,h2,1,8,0,read-small,required,1,0,41.260,41.481,200,HTTP/2.0,HTTP/2.0,1024,true,false,ok,"1024 bytes, hash matches",
h2-delay20-c1x8,delay20,h2,1,8,0,read-large,required,1,0,66.463,402.864,200,HTTP/2.0,HTTP/2.0,4194304,true,false,ok,"4194304 bytes, hash matches",
h2-delay20-c1x8,delay20,h2,1,8,0,list-shallow,required,1,0,42.975,126.609,207,HTTP/2.0,HTTP/2.0,11522,true,false,ok,27 members,
h2-delay20-c1x8,delay20,h2,1,8,0,list-deep,required,1,0,41.400,41.905,207,HTTP/2.0,HTTP/2.0,1819,true,false,ok,4 members at depth 3,
h2-delay20-c1x8,delay20,h2,1,8,0,walk-tree,required,167,0,6904.392,1453.501,"10x207,157x200",HTTP/2.0,HTTP/2.0,75243,true,false,ok,"10 dirs + 157 files discovered, matching the fixture",
h2-delay20-c1x8,delay20,h2,1,8,0,git-status-shaped,required,1,0,49.567,216.719,200,HTTP/2.0,HTTP/2.0,28245,true,false,ok,1 request returned 167 entries (157 hashes),
h2-delay20-c1x8,delay20,h2,1,8,0,fanout-100,extra,100,0,4184.687,585.548,100x200,HTTP/2.0,HTTP/2.0,102400,true,false,ok,"100 requests issued concurrently (bounded at 8 in flight), all verified",
h2-delay20-c1x8,delay20,h2,1,8,1,write-small,required,1,1,47.993,90.264,201,HTTP/2.0,HTTP/2.0,0,true,false,ok,1024 bytes written and read back,
h2-delay20-c1x8,delay20,h2,1,8,1,write-large,required,1,1,245.849,349.367,201,HTTP/2.0,HTTP/2.0,0,true,false,ok,4194304 bytes written and read back,
h2-delay20-c1x8,delay20,h2,1,8,1,create,required,1,1,47.980,90.179,201,HTTP/2.0,HTTP/2.0,0,true,false,ok,"201 created, bytes verified",
h2-delay20-c1x8,delay20,h2,1,8,1,mkdir-rmdir,required,2,1,83.748,125.405,"201,204",HTTP/2.0,HTTP/2.0,0,true,false,ok,"201 then 204, 404 on read-back",
h2-delay20-c1x8,delay20,h2,1,8,1,conflict,required,3,1,195.239,236.790,"200,204,412",HTTP/2.0,HTTP/2.0,324,true,false,ok,412 hash_mismatch with both hashes; bytes unchanged; identical-content arm is 204,
h2-delay20-c1x8,delay20,h2,1,8,2,rename,required,1,2,41.263,123.216,201,HTTP/2.0,HTTP/2.0,0,true,false,ok,"source gone, destination present",
h2-delay20-c1x8,delay20,h2,1,8,3,delete,required,1,1,40.884,81.787,204,HTTP/2.0,HTTP/2.0,0,true,false,ok,"deleted, 404 on read-back",
h3-delay20-c1x1,delay20,h3,1,1,0,stat,required,1,0,41.292,41.407,200,HTTP/3.0,HTTP/3.0,0,true,false,ok,ETag and X-Bunker-Hash are the file's content hash,
h3-delay20-c1x1,delay20,h3,1,1,0,read-small,required,1,0,42.134,352.220,200,HTTP/3.0,HTTP/3.0,1024,true,false,ok,"1024 bytes, hash matches",
h3-delay20-c1x1,delay20,h3,1,1,0,read-large,required,1,0,9752.512,10193.233,200,HTTP/3.0,HTTP/3.0,4194304,true,false,ok,"4194304 bytes, hash matches",
h3-delay20-c1x1,delay20,h3,1,1,0,list-shallow,required,1,0,42.496,10229.875,207,HTTP/3.0,HTTP/3.0,11522,true,false,ok,27 members,
h3-delay20-c1x1,delay20,h3,1,1,0,list-deep,required,1,0,41.465,82.907,207,HTTP/3.0,HTTP/3.0,1819,true,false,ok,4 members at depth 3,
h3-delay20-c1x1,delay20,h3,1,1,0,walk-tree,required,167,0,6904.876,21001.851,"10x207,157x200",HTTP/3.0,HTTP/3.0,75243,true,false,ok,"10 dirs + 157 files discovered, matching the fixture",
h3-delay20-c1x1,delay20,h3,1,1,0,git-status-shaped,required,1,0,61.406,144.600,200,HTTP/3.0,HTTP/3.0,28245,true,false,ok,1 request returned 167 entries (157 hashes),
h3-delay20-c1x1,delay20,h3,1,1,0,fanout-100,extra,100,0,4108.697,14136.862,100x200,HTTP/3.0,HTTP/3.0,102400,true,false,ok,"100 requests issued concurrently (bounded at 1 in flight), all verified",
h3-delay20-c1x1,delay20,h3,1,1,1,write-small,required,1,1,44.919,9377.176,201,HTTP/3.0,HTTP/3.0,0,true,false,ok,1024 bytes written and read back,
h3-delay20-c1x1,delay20,h3,1,1,1,write-large,required,1,1,9077.724,21572.479,201,HTTP/3.0,HTTP/3.0,0,true,false,ok,4194304 bytes written and read back,
h3-delay20-c1x1,delay20,h3,1,1,1,create,required,1,1,44.703,9418.082,201,HTTP/3.0,HTTP/3.0,0,true,false,ok,"201 created, bytes verified",
h3-delay20-c1x1,delay20,h3,1,1,1,mkdir-rmdir,required,2,1,82.065,21652.550,"201,204",HTTP/3.0,HTTP/3.0,0,true,false,ok,"201 then 204, 404 on read-back",
h3-delay20-c1x1,delay20,h3,1,1,1,conflict,required,3,1,127.659,21693.791,"200,204,412",HTTP/3.0,HTTP/3.0,324,true,false,ok,412 hash_mismatch with both hashes; bytes unchanged; identical-content arm is 204,
h3-delay20-c1x1,delay20,h3,1,1,2,rename,required,1,2,41.014,123.253,201,HTTP/3.0,HTTP/3.0,0,true,false,ok,"source gone, destination present",
h3-delay20-c1x1,delay20,h3,1,1,3,delete,required,1,1,40.892,81.773,204,HTTP/3.0,HTTP/3.0,0,true,false,ok,"deleted, 404 on read-back",
h3-delay20-c1x8,delay20,h3,1,8,0,stat,required,1,0,42.217,42.303,200,HTTP/3.0,HTTP/3.0,0,true,false,ok,ETag and X-Bunker-Hash are the file's content hash,
h3-delay20-c1x8,delay20,h3,1,8,0,read-small,required,1,0,41.921,42.307,200,HTTP/3.0,HTTP/3.0,1024,true,false,ok,"1024 bytes, hash matches",
h3-delay20-c1x8,delay20,h3,1,8,0,read-large,required,1,0,10247.408,10252.721,200,HTTP/3.0,HTTP/3.0,4194304,true,false,ok,"4194304 bytes, hash matches",
h3-delay20-c1x8,delay20,h3,1,8,0,list-shallow,required,1,0,51.651,52.046,207,HTTP/3.0,HTTP/3.0,11549,true,false,ok,27 members,
h3-delay20-c1x8,delay20,h3,1,8,0,list-deep,required,1,0,42.123,42.511,207,HTTP/3.0,HTTP/3.0,1823,true,false,ok,4 members at depth 3,
h3-delay20-c1x8,delay20,h3,1,8,0,walk-tree,required,167,0,11091.231,2358.370,"10x207,157x200",HTTP/3.0,HTTP/3.0,75419,true,false,ok,"10 dirs + 157 files discovered, matching the fixture",
h3-delay20-c1x8,delay20,h3,1,8,0,git-status-shaped,required,1,0,83.141,381.221,200,HTTP/3.0,HTTP/3.0,28246,true,false,ok,1 request returned 167 entries (157 hashes),
h3-delay20-c1x8,delay20,h3,1,8,0,fanout-100,extra,100,0,4829.196,741.612,100x200,HTTP/3.0,HTTP/3.0,102400,true,false,ok,"100 requests issued concurrently (bounded at 8 in flight), all verified",
h3-delay20-c1x8,delay20,h3,1,8,1,write-small,required,1,1,47.567,124.466,201,HTTP/3.0,HTTP/3.0,0,true,false,ok,1024 bytes written and read back,
h3-delay20-c1x8,delay20,h3,1,8,1,write-large,required,1,1,13721.318,28542.664,201,HTTP/3.0,HTTP/3.0,0,true,false,ok,4194304 bytes written and read back,
h3-delay20-c1x8,delay20,h3,1,8,1,create,required,1,1,47.615,124.433,201,HTTP/3.0,HTTP/3.0,0,true,false,ok,"201 created, bytes verified",
h3-delay20-c1x8,delay20,h3,1,8,1,mkdir-rmdir,required,2,1,82.992,145.486,"201,204",HTTP/3.0,HTTP/3.0,0,true,false,ok,"201 then 204, 404 on read-back",
h3-delay20-c1x8,delay20,h3,1,8,1,conflict,required,3,1,193.872,249.945,"200,204,412",HTTP/3.0,HTTP/3.0,324,true,false,ok,412 hash_mismatch with both hashes; bytes unchanged; identical-content arm is 204,
h3-delay20-c1x8,delay20,h3,1,8,2,rename,required,1,2,41.544,124.208,201,HTTP/3.0,HTTP/3.0,0,true,false,ok,"source gone, destination present",
h3-delay20-c1x8,delay20,h3,1,8,3,delete,required,1,1,42.003,83.686,204,HTTP/3.0,HTTP/3.0,0,true,false,ok,"deleted, 404 on read-back",
