epoch_ms,du_total,du_blobs,du_index,file_blobs_bytes,file_index_bytes,used_bytes,blobs_bytes,index_bytes,entries,blobs,evictions_total,bypass_events,oversize_bypasses,pinned_blobs,hits,misses
1790475628959,1268,0,-1,0,-1,26,0,26,0,0,0,0,0,0,0,0
1790475629487,4196431,4194342,821,4194342,821,26,0,26,0,0,0,0,0,0,0,0
1790475629998,9440236,9437222,1631,9437222,1631,7341377,7340070,1307,8,8,0,0,0,0,0,0
1790475630509,14683926,14680102,2441,14680102,2441,7341377,7340070,1307,8,8,0,0,0,0,0,0
1790475631019,19927620,19922982,3251,19922982,3251,17828757,17825830,2927,18,18,0,0,0,0,0,0
1790475631533,25171310,25165862,4061,25165862,4061,17828757,17825830,2927,18,18,0,0,0,0,0,0
1790475632044,30415116,30408742,4871,30408742,4871,27267399,27263014,4385,27,27,0,0,0,0,0,0
1790475632555,35658806,35651622,5681,35651622,5681,27267399,27263014,4385,27,27,0,0,0,0,0,0
1790475633066,39853758,40894502,6491,40894502,6491,37754779,37748774,6005,37,37,0,0,0,0,0,0
1790475633582,45097448,45088806,7139,45088806,7139,37754779,37748774,6005,37,37,0,0,0,0,0,0
1790475634094,50341137,50331686,7949,50331686,7949,48242159,48234534,7625,47,47,0,0,0,0,0,0
1790475634604,55584827,55574566,8759,55574566,8759,48242159,48234534,7625,47,47,0,0,0,0,0,0
1790475635122,60828518,61866022,9569,61866022,9569,57680801,57671718,9083,56,56,0,0,0,0,0,0
1790475635869,66072208,66060326,10379,66060326,10379,66070705,66060326,10379,64,64,0,0,0,1,0,0
1790475636379,71315898,71303206,11189,71303206,11189,66070705,66060326,10379,64,64,0,0,0,1,0,0
1790475636891,76559589,76546086,11999,76546086,11999,75509347,75497510,11837,73,73,0,0,0,0,0,0
1790475637403,81803279,81788966,12809,81788966,12809,75509347,75497510,11837,73,73,0,0,0,0,0,0
1790475637913,87046969,87031846,13619,87031846,13619,85996727,85983270,13457,83,83,0,0,0,0,0,0
1790475638424,92290659,92274726,14429,92274726,14429,85996727,85983270,13457,83,83,0,0,0,0,0,0
1790475638936,97534350,97517606,15239,97517606,15239,95435369,95420454,14915,92,92,0,0,0,0,0,0
1790475639448,101729302,102760486,16049,102760486,16049,95435369,95420454,14915,92,92,0,0,0,0,0,0
1790475639962,106972996,106954790,16697,106954790,16697,105922749,105906214,16535,102,102,0,0,0,0,0,0
1790475640484,112216686,112197670,17507,112197670,17507,105922749,105906214,16535,102,102,0,0,0,0,0,0
1790475640997,117460376,117440550,18317,117440550,18317,115361391,115343398,17993,111,111,0,0,0,0,0,0
1790475641508,122704066,122683430,19127,122683430,19127,115361391,115343398,17993,111,111,0,0,0,0,0,0
1790475642019,127947756,127926310,19937,127926310,19937,125848771,125829158,19613,121,121,0,0,0,0,0,0
1790475642531,133191446,133169190,20747,133169190,20747,125848771,125829158,19613,121,121,0,0,0,0,0,0
1790475643044,138435136,138412070,21557,138412070,21557,135287413,135266342,21071,130,130,0,0,0,0,0,0
1790475643555,143678826,143654950,22367,143654950,22367,135287413,135266342,21071,130,130,0,0,0,0,0,0
1790475644069,147873778,147849254,23015,148897830,23015,145774793,145752102,22691,140,140,0,0,0,0,0,0
1790475644581,152068730,152043558,23663,152043558,23663,145774793,145752102,22691,140,140,0,0,0,0,0,0
1790475645097,157312419,157286438,24473,157286438,24473,155213435,155189286,24149,149,149,0,0,0,0,0,0
1790475645616,162556109,162529318,25283,162529318,25283,155213435,155189286,24149,149,149,0,0,0,0,0,0
1790475646128,167799800,167772198,26093,167772198,26093,164652077,164626470,25607,158,158,0,0,0,0,0,0
1790475646640,173043490,173015078,26903,173015078,26903,164652077,164626470,25607,158,158,0,0,0,0,0,0
1790475647154,178287180,178257958,27713,178257958,27713,175139457,175112230,27227,168,168,0,0,0,0,0,0
1790475647667,183530870,183500838,28523,183500838,28523,175139457,175112230,27227,168,168,0,0,0,0,0,0
1790475648179,188774560,188743718,29333,188743718,29333,184578099,184549414,28685,177,177,0,0,0,0,0,0
1790475648691,194018250,193986598,30143,193986598,30143,184578099,184549414,28685,177,177,0,0,0,0,0,0
1790475649205,199261940,199229478,30953,199229478,30953,195065479,195035174,30305,187,187,0,0,0,0,0,0
1790475649716,204505630,204472358,31763,204472358,31763,195065479,195035174,30305,187,187,0,0,0,0,0,0
1790475650228,208700582,208666662,32411,208666662,32411,204504121,204472358,31763,196,196,0,0,0,0,0,0
1790475650741,213944272,213909542,33221,213909542,33221,204504121,204472358,31763,196,196,0,0,0,0,0,0
1790475651252,219187962,219152422,34031,219152422,34031,214991501,214958118,33383,206,206,0,0,0,0,0,0
1790475651764,224431652,224395302,34841,224395302,34841,214991501,214958118,33383,206,206,0,0,0,0,0,0
1790475652275,229675341,229638182,35651,229638182,35651,225478881,225443878,35003,216,216,0,0,0,0,0,0
1790475652787,234919031,234881062,36461,234881062,36461,225478881,225443878,35003,216,216,0,0,0,0,0,0
1790475653300,240162722,240123942,37271,240123942,37271,234917523,234881062,36461,225,225,0,0,0,0,0,0
1790475653814,245406412,245366822,38081,245366822,38081,245404903,245366822,38081,235,235,0,0,0,0,0,0
1790475654327,250650102,250609702,38891,250609702,38891,245404903,245366822,38081,235,235,0,0,0,0,0,0
1790475654841,255893792,255852582,39701,255852582,39701,254843545,254804006,39539,244,244,0,0,0,0,0,0
1790475655354,261137482,261095462,40511,261095462,40511,254843545,254804006,39539,244,244,0,0,0,0,0,0
1790475655868,265332434,265289766,41159,265289766,41321,265330925,265289766,41159,254,254,0,0,0,0,0,0
1790475656383,267429724,267386880,41335,267386880,41335,265330925,265289766,41159,254,254,0,0,0,0,0,0
1790475656899,267429724,267386880,41335,267386880,41335,267428215,267386880,41335,255,255,8,0,0,0,0,0
1790475657412,267429724,267386880,41335,267386880,41335,267428215,267386880,41335,255,255,8,0,0,0,0,0
1790475657926,267429725,267386880,41335,267386880,41335,267428215,267386880,41335,255,255,18,0,0,0,0,0
1790475658441,267429725,267386880,41335,267386880,41335,267428215,267386880,41335,255,255,18,0,0,0,0,0
1790475658957,267429725,267386880,41335,267386880,41335,267428215,267386880,41335,255,255,27,0,0,0,0,0
1790475659472,267429725,267386880,41335,267386880,41335,267428215,267386880,41335,255,255,27,0,0,0,0,0
1790475659986,267429725,267386880,41335,267386880,41335,267428215,267386880,41335,255,255,37,0,0,0,0,0
1790475660500,267429725,267386880,41335,267386880,41335,267428215,267386880,41335,255,255,37,0,0,0,0,0
1790475661013,266381148,267386880,41335,267386880,41335,267428215,267386880,41335,255,255,47,0,0,0,0,0
1790475661528,267429724,267386880,41335,267386880,41335,267428215,267386880,41335,255,255,47,0,0,0,0,0
1790475662045,267429725,267386880,41335,267386880,41335,267428215,267386880,41335,255,255,56,0,0,0,0,0
1790475662559,267429725,267386880,41335,267386880,41335,267428215,267386880,41335,255,255,56,0,0,0,0,0
1790475663072,267429724,267386880,41335,267386880,41335,267428215,267386880,41335,255,255,66,0,0,0,0,0
1790475663588,267429724,267386880,41335,267386880,41335,267428215,267386880,41335,255,255,66,0,0,0,0,0
1790475664101,267429725,267386880,41335,267386880,41335,267428215,267386880,41335,255,255,75,0,0,0,0,0
1790475664616,267429725,267386880,41335,267386880,41335,267428215,267386880,41335,255,255,75,0,0,0,0,0
1790475665130,267429725,267386880,41335,267386880,41335,267428215,267386880,41335,255,255,85,0,0,0,0,0
1790475665643,267429725,267386880,41335,267386880,41335,267428215,267386880,41335,255,255,85,0,0,0,0,0
1790475666155,267429725,267386880,41335,267386880,41335,267428215,267386880,41335,255,255,94,0,0,0,0,0
1790475666669,267429725,266338304,41335,267386880,41335,267428215,267386880,41335,255,255,94,0,0,0,0,0
1790475667186,267429726,267386880,41335,267386880,41335,267428215,267386880,41335,255,255,104,0,0,0,0,0
1790475667701,267429726,267386880,41335,267386880,41335,267428215,267386880,41335,255,255,104,0,0,0,0,0
1790475668213,267429726,267386880,41335,267386880,41335,267428215,267386880,41335,255,255,113,0,0,0,0,0
1790475668726,267429726,267386880,41335,267386880,41335,267428215,267386880,41335,255,255,113,0,0,0,0,0
1790475669239,267429726,267386880,41335,267386880,41335,267428215,267386880,41335,255,255,123,0,0,0,0,0
1790475669752,267429726,267386880,41335,267386880,41335,267428215,267386880,41335,255,255,123,0,0,0,0,0
1790475670287,267429727,267386880,41335,267386880,41335,267428215,267386880,41335,255,255,132,0,0,0,0,0
1790475670800,267429727,267386880,41335,267386880,41335,267428215,267386880,41335,255,255,132,0,0,0,0,0
1790475671314,267429726,267386880,41335,267386880,41335,267428215,267386880,41335,255,255,142,0,0,0,0,0
1790475671826,267429726,267386880,41335,267386880,41335,267428215,267386880,41335,255,255,152,0,0,0,0,0
1790475672339,267429726,267386880,41335,267386880,41335,267428215,267386880,41335,255,255,152,0,0,0,0,0
1790475672851,267429726,267386880,41335,267386880,41335,267428215,267386880,41335,255,255,161,0,0,0,0,0
1790475673366,267429726,267386880,41335,267386880,41335,267428215,267386880,41335,255,255,161,0,0,0,0,0
1790475673878,267429726,267386880,41335,267386880,41335,267428215,267386880,41335,255,255,171,0,0,0,0,0
1790475674390,267429726,267386880,41335,267386880,41335,267428215,267386880,41335,255,255,171,0,0,0,0,0
1790475674903,267429726,267386880,41335,267386880,41335,267428215,267386880,41335,255,255,180,0,0,0,0,0
1790475675418,267429726,267386880,41335,267386880,41335,267428215,267386880,41335,255,255,180,0,0,0,0,0
1790475675933,267429726,267386880,41335,267386880,41335,267428215,267386880,41335,255,255,190,0,0,0,0,0
1790475676449,267429726,267386880,41335,267386880,41335,267428215,267386880,41335,255,255,190,0,0,0,0,0
1790475676963,267429726,267386880,41335,267386880,41335,267428215,267386880,41335,255,255,199,0,0,0,0,0
1790475677478,267429726,267386880,41335,267386880,41335,267428215,267386880,41335,255,255,199,0,0,0,0,0
1790475677992,267429726,267386880,41335,267386880,41335,267428215,267386880,41335,255,255,209,0,0,0,0,0
1790475678505,267429726,267386880,41335,267386880,41335,267428215,267386880,41335,255,255,209,0,0,0,0,0
1790475679019,267429725,267386880,41335,267386880,41335,267428215,267386880,41335,255,255,219,0,0,1,0,0
1790475679533,267429725,266338304,41335,267386880,41335,267428215,267386880,41335,255,255,219,0,0,1,0,0
1790475680047,267429726,267386880,41335,267386880,41335,267428215,267386880,41335,255,255,228,0,0,0,0,0
1790475680562,267429726,267386880,41335,267386880,41335,267428215,267386880,41335,255,255,228,0,0,0,0,0
1790475681075,267429726,267386880,41335,267386880,41335,267428215,267386880,41335,255,255,238,0,0,0,0,0
1790475681596,267429726,267386880,41335,267386880,41335,267428215,267386880,41335,255,255,238,0,0,0,0,0
1790475682117,267429726,267386880,41335,267386880,41335,267428215,267386880,41335,255,255,247,0,0,0,0,0
1790475682638,267429726,267386880,41335,267386880,41335,267428215,267386880,41335,255,255,247,0,0,0,0,0
1790475683164,267429726,267386880,41335,267386880,41335,267428215,267386880,41335,255,255,256,0,0,0,0,0
1790475683687,267429726,267386880,41335,267386880,41335,267428215,267386880,41335,255,255,256,0,0,0,0,0
1790475684200,267429726,267386880,41335,267386880,41335,267428215,267386880,41335,255,255,266,0,0,0,0,0
1790475684713,267429726,267386880,41335,267386880,41335,267428215,267386880,41335,255,255,266,0,0,0,0,0
1790475685226,267429725,267386880,41335,267386880,41335,267428215,267386880,41335,255,255,275,0,0,0,0,0
1790475685815,267429726,267386880,41335,267386880,41335,267428215,267386880,41335,255,255,285,0,0,0,0,0
1790475686330,267429726,267386880,41335,267386880,41335,267428215,267386880,41335,255,255,285,0,0,0,0,0
1790475686845,267429726,267386880,41335,267386880,41335,267428215,267386880,41335,255,255,285,0,0,0,0,0
1790475687372,267429726,267386880,41335,267386880,41335,267428215,267386880,41335,255,255,294,0,0,0,0,0
1790475687885,267429726,267386880,41335,267386880,41335,267428215,267386880,41335,255,255,304,0,0,0,0,0
1790475688398,267429726,267386880,41335,267386880,41335,267428215,267386880,41335,255,255,304,0,0,0,0,0
1790475688913,267429726,267386880,41335,266338304,41335,267428215,267386880,41335,255,255,313,0,0,0,0,0
1790475689426,267429726,267386880,41335,267386880,41335,267428215,267386880,41335,255,255,313,0,0,0,0,0
1790475689938,267429726,267386880,41335,267386880,41335,267428215,267386880,41335,255,255,323,0,0,0,0,0
1790475690452,267429726,267386880,41335,267386880,41335,267428215,267386880,41335,255,255,323,0,0,0,0,0
1790475690966,267429725,267386880,41335,267386880,41335,267428215,267386880,41335,255,255,333,0,0,0,0,0
1790475691481,267429725,267386880,41335,267386880,41335,267428215,267386880,41335,255,255,333,0,0,0,0,0
1790475691995,267429726,267386880,41335,267386880,41335,267428215,267386880,41335,255,255,342,0,0,0,0,0
1790475692516,267429726,267386880,41335,267386880,41335,267428215,267386880,41335,255,255,342,0,0,0,0,0
1790475693095,267429725,266338304,41335,267386880,41335,267428215,267386880,41335,255,255,342,0,0,0,0,0
1790475693870,267429725,267386880,41335,267386880,41335,267428215,267386880,41335,255,255,353,0,0,0,0,0
1790475694384,267429725,267386880,41335,267386880,41335,267428215,267386880,41335,255,255,353,0,0,0,0,0
1790475694899,267429726,267386880,41335,267386880,41335,267428215,267386880,41335,255,255,362,0,0,0,0,0
1790475695413,267429726,267386880,41335,267386880,41335,267428215,267386880,41335,255,255,362,0,0,0,0,0
1790475695927,267429726,267386880,41335,267386880,41335,267428215,267386880,41335,255,255,372,0,0,0,0,0
1790475696439,267429726,267386880,41335,267386880,41335,267428215,267386880,41335,255,255,372,0,0,0,0,0
1790475696952,267429726,267386880,41335,267386880,41335,267428215,267386880,41335,255,255,381,0,0,0,0,0
1790475697465,267430185,267387480,41653,267387480,41653,267428215,267386880,41335,255,255,381,0,0,0,0,0
1790475697978,267432480,267388680,42289,267388680,42289,267430510,267388380,42130,260,260,386,0,0,0,0,0
1790475698493,267434775,267390180,43084,267390180,43084,267430510,267388380,42130,260,260,386,0,0,0,0,0
1790475699006,267437070,267391680,43879,267391680,43879,267434641,267391080,43561,269,269,386,0,0,0,0,0
1790475699518,267439365,267393180,44674,267393180,44674,267434641,267391080,43561,269,269,386,0,0,0,0,0
1790475700032,267441660,267394680,45469,267394680,45469,267439231,267394080,45151,279,279,386,0,0,0,0,0
1790475700544,267443955,267396180,46264,267396180,46264,267439231,267394080,45151,279,279,386,0,0,0,0,0
1790475701058,267446250,267397680,47059,267397680,47059,267443362,267396780,46582,288,288,386,0,0,0,0,0
1790475701571,267448545,267399180,47854,267399180,47854,267443362,267396780,46582,288,288,386,0,0,0,0,0
1790475702085,267450840,267400680,48649,267400680,48649,267447952,267399780,48172,298,298,386,0,0,0,0,0
1790475702599,267452676,267402180,49444,267402180,49444,267447952,267399780,48172,298,298,386,0,0,0,0,0
1790475703112,267454971,267403380,50080,267403380,50080,267452083,267402480,49603,307,307,386,0,0,0,0,0
1790475703627,267457266,267404880,50875,267404880,50875,267452083,267402480,49603,307,307,386,0,0,0,0,0
1790475704142,267459561,267406380,51670,267406380,51670,267456673,267405480,51193,317,317,386,0,0,0,0,0
1790475704657,267461856,267407880,52465,267407880,52465,267456673,267405480,51193,317,317,386,0,0,0,0,0
1790475705170,267464150,267409380,53260,267409380,53260,267461263,267408480,52783,327,327,386,0,0,0,0,0
1790475705685,267466445,267410880,54055,267410880,54055,267461263,267408480,52783,327,327,386,0,0,0,0,0
1790475706201,267468741,267412380,54850,267412380,54850,267465394,267411180,54214,336,336,386,0,0,0,0,0
1790475706716,267471036,267413880,55645,267413880,55645,267465394,267411180,54214,336,336,386,0,0,0,0,0
1790475707229,267473331,267415380,56440,267415380,56440,267469984,267414180,55804,346,346,386,0,0,0,0,0
1790475707744,267475626,267416880,57235,267416880,57235,267469984,267414180,55804,346,346,386,0,0,0,0,0
1790475708265,267477921,267418380,58030,267418380,58030,267474115,267416880,57235,355,355,386,0,0,0,0,0
1790475708779,267480216,267419880,58825,267419880,58825,267474115,267416880,57235,355,355,386,0,0,0,0,0
1790475709293,267482052,267421380,59620,267421380,59620,267478705,267419880,58825,365,365,386,0,0,0,0,0
1790475709806,267484347,267422580,60256,267422580,60256,267478705,267419880,58825,365,365,386,0,0,0,0,0
1790475710320,267486642,267424080,61051,267424080,61051,267482836,267422580,60256,374,374,386,0,0,0,0,0
1790475711123,267488938,267425580,61846,267425580,61846,267486049,267424680,61369,381,381,386,0,0,0,0,0
1790475711638,267491233,267427080,62641,267427080,62641,267486049,267424680,61369,381,381,386,0,0,0,0,0
1790475712154,267492609,267427980,63118,267427980,63118,267490180,267427380,62800,390,390,386,0,0,0,0,0
1790475712742,267494445,267429480,63913,267429480,63913,267490180,267427380,62800,390,390,386,0,0,0,0,0
1790475713276,267497199,267430980,64708,267430980,64708,267493393,267429480,63913,397,397,386,0,0,0,0,0
1790475713798,267499495,267432480,65503,267432480,65503,267493393,267429480,63913,397,397,386,0,0,0,0,0
1790475715410,267501791,267433980,66298,267433980,66298,267497983,267432480,65503,407,407,386,0,0,0,0,0
1790475715935,267504084,267435480,67093,267435480,67093,267501655,267434880,66775,415,415,386,0,0,0,0,0
1790475716459,267506379,267436980,67888,267436980,67888,267501655,267434880,66775,415,415,386,0,0,0,0,0
1790475716988,267508214,267438180,68524,267438180,68524,267506245,267437880,68365,425,425,386,0,0,0,0,0
1790475717519,267510509,267439680,69319,267439680,69319,267506245,267437880,68365,425,425,386,0,0,0,0,0
1790475718047,267512805,267441180,70114,267441180,70114,267510376,267440580,69796,434,434,386,0,0,0,0,0
1790475718571,267515100,267442680,70909,267442680,70909,267510376,267440580,69796,434,434,386,0,0,0,0,0
1790475719097,267517395,267444180,71704,267444180,71704,267514507,267443280,71227,443,443,386,0,0,0,0,0
1790475719616,267519690,267445680,72499,267445680,72499,267514507,267443280,71227,443,443,386,0,0,0,0,0
1790475720136,267521526,267446880,73135,267446880,73135,267519097,267446280,72817,453,453,386,0,0,0,0,0
1790475720665,267521526,267446880,73135,267446880,73135,267519097,267446280,72817,453,453,386,0,0,0,0,0
1790475721183,267521527,267446880,73135,267446880,73135,267520015,267446880,73135,455,455,386,0,0,0,0,0
1790475721701,267521527,267446880,73135,267446880,73135,267520015,267446880,73135,455,455,386,0,0,0,0,0
1790475722217,267521528,267446880,73135,267446880,73135,267520015,267446880,73135,455,455,386,0,0,0,0,0
